appointment_id,patient_id,doctor_id,status,predicted_outcome,prediction_confidence,cost_impact,appointment_date,appointment_time,cost,cost_category,reason_for_visit
A055,P002,D010,Scheduled,No-show,1,Normal Impact,06-10-2023,17:30:00,1736.63,Medium,Checkup
A001,P034,D009,Scheduled,No-show,0.776827372,High Impact,09-08-2023,15:15:00,3941.97,High,Therapy
A037,P030,D004,Scheduled,No-show,0.776827372,Normal Impact,28-03-2023,11:00:00,2675.96,High,Consultation
A084,P035,D006,Scheduled,No-show,0.776827372,Normal Impact,31-05-2023,16:00:00,1077.77,Medium,Consultation
A045,P010,D006,Scheduled,No-show,0.776827372,High Impact,28-09-2023,17:00:00,4478.93,High,Emergency
A042,P036,D001,Scheduled,No-show,0.776827372,High Impact,21-03-2023,11:15:00,4781.32,High,Emergency
A092,P026,D001,Scheduled,No-show,0.776827372,Normal Impact,30-01-2023,14:15:00,1363.4,Medium,Therapy
A101,P036,D001,Scheduled,No-show,0.776827372,Normal Impact,21-09-2023,13:15:00,2930.05,High,Therapy
A110,P049,D005,Scheduled,No-show,0.776827372,Normal Impact,19-07-2023,14:30:00,3010.03,High,Consultation
A135,P022,D005,Scheduled,No-show,0.776827372,Normal Impact,09-09-2023,16:30:00,3306.14,High,Therapy
A027,P005,D005,Scheduled,No-show,0.776827372,Normal Impact,14-11-2023,12:45:00,1048.49,Medium,Therapy
A161,P045,D005,Scheduled,No-show,0.776827372,Normal Impact,17-06-2023,10:45:00,4178.52,High,Consultation
A016,P016,D008,Scheduled,No-show,0.776827372,Normal Impact,30-06-2023,11:00:00,2686.42,High,Consultation
A185,P009,D009,Scheduled,No-show,0.776827372,Normal Impact,21-03-2023,14:00:00,1158.68,Medium,Consultation
A080,P031,D005,Scheduled,No-show,0.776827372,Normal Impact,26-06-2023,08:30:00,2426.9,High,Consultation
A072,P033,D002,Scheduled,No-show,0.692883895,Normal Impact,12-06-2023,13:30:00,1543.76,Medium,Checkup
A170,P043,D005,Scheduled,No-show,0.692883895,Normal Impact,03-03-2023,09:00:00,1280.86,Medium,Checkup
A172,P018,D006,Scheduled,No-show,0.692883895,Normal Impact,09-03-2023,16:15:00,2057.45,High,Checkup
A195,P048,D010,Scheduled,No-show,0.692883895,Normal Impact,19-08-2023,17:15:00,2777.64,High,Checkup
A032,P048,D005,Scheduled,No-show,0.692883895,Normal Impact,06-11-2023,10:45:00,3690.71,High,Checkup
A056,P049,D004,Scheduled,No-show,0.692883895,Normal Impact,02-01-2023,12:45:00,4201.76,High,Checkup
A013,P003,D002,Scheduled,No-show,0.643478261,High Impact,16-08-2023,12:00:00,4704.96,High,Emergency
A194,P008,D002,Scheduled,No-show,0.643478261,Normal Impact,06-04-2023,12:45:00,1903.17,Medium,Therapy
A148,P031,D002,Scheduled,No-show,0.643478261,Normal Impact,06-12-2023,08:30:00,2992.11,High,Consultation
A151,P016,D002,Scheduled,No-show,0.643478261,Normal Impact,28-01-2023,09:15:00,2512.41,High,Therapy
A118,P024,D003,Scheduled,No-show,0.643478261,Normal Impact,09-08-2023,08:15:00,1404.2,Medium,Consultation
A035,P036,D003,Scheduled,Attend,0.474358974,Normal Impact,18-04-2023,08:45:00,1654.53,Medium,Follow-up
A167,P035,D001,Scheduled,Attend,0.474358974,Normal Impact,15-11-2023,08:15:00,1871.06,Medium,Follow-up
A067,P043,D001,Scheduled,Attend,0.474358974,Normal Impact,10-08-2023,11:00:00,930.72,Medium,Follow-up
A189,P005,D010,Scheduled,Attend,0.474358974,Normal Impact,05-10-2023,13:30:00,1108.25,Medium,Follow-up
A063,P050,D004,Scheduled,Attend,0.474358974,Normal Impact,29-06-2023,09:00:00,1256.06,Medium,Follow-up
A145,P007,D002,Scheduled,Attend,0.101369863,Normal Impact,11-11-2023,14:45:00,2120.61,High,Checkup
A006,P045,D006,Scheduled,Attend,0.101369863,Normal Impact,19-06-2023,16:15:00,1381,Medium,Checkup
A009,P039,D010,Scheduled,Attend,0,High Impact,05-03-2023,13:45:00,4541.14,High,Follow-up
A187,P027,D003,Scheduled,Attend,0,Normal Impact,13-02-2023,12:30:00,806.78,Medium,Consultation
A017,P037,D009,Scheduled,Attend,0,Normal Impact,11-07-2023,17:00:00,1655.49,Medium,Emergency
A190,P029,D003,Scheduled,Attend,0,High Impact,16-11-2023,15:15:00,4834.02,High,Checkup
A007,P001,D007,Scheduled,Attend,0,Normal Impact,09-04-2023,10:30:00,534.03,Medium,Consultation
A126,P025,D010,Scheduled,Attend,0,High Impact,02-11-2023,09:45:00,4672.3,High,Emergency
A134,P025,D006,Scheduled,Attend,0,Normal Impact,17-10-2023,15:15:00,2844.31,High,Consultation
A068,P037,D005,Scheduled,Attend,0,Normal Impact,14-03-2023,15:00:00,606.37,Medium,Checkup
A111,P035,D010,Scheduled,Attend,0,Normal Impact,22-05-2023,15:30:00,3787.93,High,Follow-up
A109,P035,D005,Scheduled,Attend,0,Normal Impact,29-07-2023,14:00:00,3478.28,High,Follow-up
A106,P037,D005,Scheduled,Attend,0,Normal Impact,29-10-2023,11:15:00,1998.51,Medium,Therapy
A038,P037,D009,Scheduled,Attend,0,High Impact,23-02-2023,13:00:00,4126.97,High,Consultation
A100,P029,D006,Scheduled,Attend,0,Normal Impact,02-03-2023,08:00:00,1551.7,Medium,Emergency
A039,P023,D002,Scheduled,Attend,0,Normal Impact,17-04-2023,08:00:00,2976.02,High,Follow-up
A054,P016,D008,Scheduled,Attend,0,Normal Impact,16-12-2023,11:45:00,4012.36,High,Follow-up
A071,P001,D006,Scheduled,Attend,0,Normal Impact,26-01-2023,17:00:00,2960.14,High,Follow-up
A070,P003,D003,Scheduled,Attend,0,Normal Impact,26-08-2023,17:00:00,3231.92,High,Follow-up
A082,P002,D008,Scheduled,Attend,0,Normal Impact,20-01-2023,10:45:00,3615.96,High,Follow-up
